{
    "3": {
        "class_id": 1,
        "depth": 75.1831283569336,
        "alpha": -3.1197738647460938
    },
    "4": {
        "class_id": 1,
        "depth": 72.63704681396484,
        "alpha": 3.0700571537017822
    },
    "2": {
        "class_id": 1,
        "depth": 40.50996780395508,
        "alpha": -1.5891737937927246
    },
    "1": {
        "class_id": 1,
        "depth": 28.972929000854492,
        "alpha": 1.3645899295806885
    }
}