{
    "3": {
        "class_id": 1,
        "depth": 77.47028350830078,
        "alpha": 2.9807732105255127
    },
    "2": {
        "class_id": 1,
        "depth": 43.65642166137695,
        "alpha": -1.5005614757537842
    },
    "1": {
        "class_id": 1,
        "depth": 34.33795928955078,
        "alpha": 1.5713369846343994
    }
}