{
    "3": {
        "class_id": 1,
        "depth": 69.96968078613281,
        "alpha": 2.9669477939605713
    },
    "2": {
        "class_id": 1,
        "depth": 43.91468811035156,
        "alpha": -1.5869241952896118
    },
    "1": {
        "class_id": 1,
        "depth": 34.35383224487305,
        "alpha": 1.5302622318267822
    }
}