{
    "3": {
        "class_id": 1,
        "depth": 76.02145385742188,
        "alpha": 3.050205945968628
    },
    "2": {
        "class_id": 1,
        "depth": 46.066925048828125,
        "alpha": -1.5705890655517578
    },
    "1": {
        "class_id": 1,
        "depth": 36.67387390136719,
        "alpha": 1.6406562328338623
    }
}