{
    "4": {
        "class_id": 1,
        "depth": 82.53142547607422,
        "alpha": 2.9930012226104736
    },
    "1": {
        "class_id": 1,
        "depth": 49.51723098754883,
        "alpha": -2.0761513710021973
    },
    "3": {
        "class_id": 1,
        "depth": 47.92670440673828,
        "alpha": -1.4346903562545776
    },
    "2": {
        "class_id": 1,
        "depth": 41.112735748291016,
        "alpha": 1.775325059890747
    }
}