{
    "3": {
        "class_id": 1,
        "depth": 73.72731018066406,
        "alpha": 2.8510935306549072
    },
    "2": {
        "class_id": 1,
        "depth": 37.819244384765625,
        "alpha": -1.5801109075546265
    },
    "1": {
        "class_id": 1,
        "depth": 23.397796630859375,
        "alpha": 1.2915451526641846
    }
}