{
    "5": {
        "class_id": 1,
        "depth": 72.95423126220703,
        "alpha": 3.0843470096588135
    },
    "3": {
        "class_id": 2,
        "depth": 67.9517593383789,
        "alpha": 2.777456521987915
    },
    "4": {
        "class_id": 1,
        "depth": 66.94270324707031,
        "alpha": 2.884467363357544
    },
    "2": {
        "class_id": 1,
        "depth": 32.834659576416016,
        "alpha": -1.6059223413467407
    },
    "1": {
        "class_id": 1,
        "depth": 14.468391418457031,
        "alpha": 1.5258409976959229
    }
}