{
    "2": {
        "class_id": 2,
        "depth": 69.02301025390625,
        "alpha": 2.7954494953155518
    },
    "4": {
        "class_id": 1,
        "depth": 65.19589233398438,
        "alpha": 3.1208527088165283
    },
    "5": {
        "class_id": 1,
        "depth": 64.59100341796875,
        "alpha": 3.077075719833374
    },
    "3": {
        "class_id": 1,
        "depth": 38.62989807128906,
        "alpha": -1.5992084741592407
    },
    "1": {
        "class_id": 1,
        "depth": 21.60921287536621,
        "alpha": 1.3164446353912354
    }
}