{
    "3": {
        "class_id": 2,
        "depth": 70.50082397460938,
        "alpha": 2.7705023288726807
    },
    "4": {
        "class_id": 1,
        "depth": 64.70694732666016,
        "alpha": 2.9744932651519775
    },
    "5": {
        "class_id": 1,
        "depth": 63.93376159667969,
        "alpha": 2.8985893726348877
    },
    "2": {
        "class_id": 1,
        "depth": 31.447988510131836,
        "alpha": -1.6042695045471191
    },
    "1": {
        "class_id": 1,
        "depth": 9.903257369995117,
        "alpha": 1.559570074081421
    }
}