{
    "1": {
        "class_id": 1,
        "depth": 14.812984466552734,
        "alpha": -1.2900089025497437
    },
    "2": {
        "class_id": 1,
        "depth": 12.788050651550293,
        "alpha": -1.863999843597412
    }
}