{
    "1": {
        "class_id": 1,
        "depth": 16.067649841308594,
        "alpha": -1.281119465827942
    },
    "2": {
        "class_id": 1,
        "depth": 13.709310531616211,
        "alpha": -1.830690622329712
    }
}