{
    "4": {
        "class_id": 1,
        "depth": 37.078338623046875,
        "alpha": -3.0266199111938477
    },
    "2": {
        "class_id": 1,
        "depth": 22.049625396728516,
        "alpha": -1.8001868724822998
    },
    "3": {
        "class_id": 1,
        "depth": 20.77872085571289,
        "alpha": -1.674349069595337
    },
    "1": {
        "class_id": 1,
        "depth": 11.88046646118164,
        "alpha": -1.6973810195922852
    }
}