{
    "1": {
        "class_id": 1,
        "depth": 16.378677368164062,
        "alpha": -1.4663488864898682
    },
    "2": {
        "class_id": 1,
        "depth": 14.483810424804688,
        "alpha": -1.8209080696105957
    }
}