{
    "3": {
        "class_id": 1,
        "depth": 30.080678939819336,
        "alpha": -2.462517499923706
    },
    "4": {
        "class_id": 1,
        "depth": 28.843626022338867,
        "alpha": -1.6057806015014648
    },
    "2": {
        "class_id": 1,
        "depth": 17.80780601501465,
        "alpha": 2.738981008529663
    },
    "1": {
        "class_id": 1,
        "depth": 8.588766098022461,
        "alpha": -1.9946141242980957
    }
}