{
    "4": {
        "class_id": 1,
        "depth": 34.0236930847168,
        "alpha": -1.6225882768630981
    },
    "3": {
        "class_id": 1,
        "depth": 32.9537467956543,
        "alpha": -1.1379497051239014
    },
    "2": {
        "class_id": 1,
        "depth": 20.10169219970703,
        "alpha": -1.8977994918823242
    },
    "1": {
        "class_id": 1,
        "depth": 10.899580001831055,
        "alpha": -1.9361025094985962
    }
}