{
    "5": {
        "class_id": 1,
        "depth": 30.153043746948242,
        "alpha": -2.6089134216308594
    },
    "3": {
        "class_id": 1,
        "depth": 27.568937301635742,
        "alpha": -2.413306474685669
    },
    "4": {
        "class_id": 1,
        "depth": 27.48338508605957,
        "alpha": -1.637651801109314
    },
    "2": {
        "class_id": 1,
        "depth": 19.959739685058594,
        "alpha": 3.0135996341705322
    },
    "1": {
        "class_id": 1,
        "depth": 7.064864158630371,
        "alpha": -2.0364930629730225
    }
}