{
    "4": {
        "class_id": 1,
        "depth": 31.22876739501953,
        "alpha": -1.6653660535812378
    },
    "3": {
        "class_id": 1,
        "depth": 31.178756713867188,
        "alpha": -2.100170850753784
    },
    "2": {
        "class_id": 1,
        "depth": 18.51851463317871,
        "alpha": 2.685460329055786
    },
    "1": {
        "class_id": 1,
        "depth": 9.312026023864746,
        "alpha": -1.986840009689331
    }
}