{
    "5": {
        "class_id": 1,
        "depth": 34.99358367919922,
        "alpha": -1.640228271484375
    },
    "4": {
        "class_id": 1,
        "depth": 33.30483627319336,
        "alpha": -1.14219331741333
    },
    "3": {
        "class_id": 1,
        "depth": 21.108570098876953,
        "alpha": -1.8546141386032104
    },
    "1": {
        "class_id": 2,
        "depth": 18.532196044921875,
        "alpha": 1.207667589187622
    },
    "2": {
        "class_id": 1,
        "depth": 12.558207511901855,
        "alpha": -1.8446804285049438
    }
}