{
    "6": {
        "class_id": 1,
        "depth": 39.724857330322266,
        "alpha": -2.2427635192871094
    },
    "5": {
        "class_id": 1,
        "depth": 38.46100997924805,
        "alpha": -1.6055577993392944
    },
    "4": {
        "class_id": 1,
        "depth": 23.45201301574707,
        "alpha": -1.8428045511245728
    },
    "3": {
        "class_id": 1,
        "depth": 14.23514461517334,
        "alpha": -1.7979782819747925
    },
    "1": {
        "class_id": 2,
        "depth": 12.88999080657959,
        "alpha": -2.5538644790649414
    },
    "2": {
        "class_id": 1,
        "depth": 7.369064807891846,
        "alpha": -1.6977639198303223
    }
}