{
    "5": {
        "class_id": 1,
        "depth": 46.60062026977539,
        "alpha": 1.7127020359039307
    },
    "4": {
        "class_id": 1,
        "depth": 30.974889755249023,
        "alpha": -1.5534534454345703
    },
    "3": {
        "class_id": 1,
        "depth": 24.132904052734375,
        "alpha": -1.5613234043121338
    },
    "2": {
        "class_id": 1,
        "depth": 15.95679759979248,
        "alpha": -1.4150108098983765
    },
    "1": {
        "class_id": 1,
        "depth": 9.46119499206543,
        "alpha": -0.8396861553192139
    }
}