{
    "4": {
        "class_id": 1,
        "depth": 31.28434944152832,
        "alpha": -1.5554044246673584
    },
    "3": {
        "class_id": 1,
        "depth": 23.74595069885254,
        "alpha": -1.548697829246521
    },
    "2": {
        "class_id": 1,
        "depth": 16.173593521118164,
        "alpha": -1.4283266067504883
    },
    "1": {
        "class_id": 1,
        "depth": 7.296807765960693,
        "alpha": -0.9878871440887451
    }
}