{
    "4": {
        "class_id": 1,
        "depth": 31.711111068725586,
        "alpha": -1.544685959815979
    },
    "3": {
        "class_id": 1,
        "depth": 23.877878189086914,
        "alpha": -1.5577491521835327
    },
    "2": {
        "class_id": 1,
        "depth": 16.317922592163086,
        "alpha": -1.4138038158416748
    },
    "1": {
        "class_id": 1,
        "depth": 7.955806255340576,
        "alpha": -0.9451038837432861
    }
}