{
    "4": {
        "class_id": 1,
        "depth": 31.2210636138916,
        "alpha": -1.5489877462387085
    },
    "3": {
        "class_id": 1,
        "depth": 24.278064727783203,
        "alpha": -1.5602511167526245
    },
    "2": {
        "class_id": 1,
        "depth": 16.15679168701172,
        "alpha": -1.44052255153656
    },
    "1": {
        "class_id": 1,
        "depth": 6.243095874786377,
        "alpha": -1.0125021934509277
    }
}