{
    "5": {
        "class_id": 1,
        "depth": 44.3084602355957,
        "alpha": 1.6354196071624756
    },
    "4": {
        "class_id": 1,
        "depth": 30.13442611694336,
        "alpha": -1.5290601253509521
    },
    "3": {
        "class_id": 1,
        "depth": 23.878751754760742,
        "alpha": -1.5443084239959717
    },
    "2": {
        "class_id": 1,
        "depth": 15.799874305725098,
        "alpha": -1.4335474967956543
    },
    "1": {
        "class_id": 1,
        "depth": 10.39224910736084,
        "alpha": -0.8228805065155029
    }
}