{
    "4": {
        "class_id": 1,
        "depth": 31.25173568725586,
        "alpha": -1.5563503503799438
    },
    "3": {
        "class_id": 1,
        "depth": 23.700326919555664,
        "alpha": -1.5606845617294312
    },
    "2": {
        "class_id": 1,
        "depth": 16.037113189697266,
        "alpha": -1.4292488098144531
    },
    "1": {
        "class_id": 1,
        "depth": 8.632824897766113,
        "alpha": -0.887650728225708
    }
}