{
    "5": {
        "class_id": 1,
        "depth": 45.39482879638672,
        "alpha": 1.6976630687713623
    },
    "4": {
        "class_id": 1,
        "depth": 31.12381935119629,
        "alpha": -1.528568148612976
    },
    "3": {
        "class_id": 1,
        "depth": 24.010602951049805,
        "alpha": -1.5551462173461914
    },
    "2": {
        "class_id": 1,
        "depth": 15.821808815002441,
        "alpha": -1.4310429096221924
    },
    "1": {
        "class_id": 1,
        "depth": 9.87228012084961,
        "alpha": -0.8375136852264404
    }
}