{
    "4": {
        "class_id": 1,
        "depth": 31.375843048095703,
        "alpha": -1.5406605005264282
    },
    "3": {
        "class_id": 1,
        "depth": 24.244068145751953,
        "alpha": -1.5545848608016968
    },
    "2": {
        "class_id": 1,
        "depth": 16.109310150146484,
        "alpha": -1.4264718294143677
    },
    "1": {
        "class_id": 1,
        "depth": 6.658441066741943,
        "alpha": -1.0337088108062744
    }
}