{
    "3": {
        "class_id": 1,
        "depth": 31.752187728881836,
        "alpha": -1.5372021198272705
    },
    "4": {
        "class_id": 1,
        "depth": 31.369510650634766,
        "alpha": -1.5370477437973022
    },
    "2": {
        "class_id": 1,
        "depth": 24.238143920898438,
        "alpha": -1.5573755502700806
    },
    "1": {
        "class_id": 1,
        "depth": 12.394074440002441,
        "alpha": -1.0580899715423584
    }
}