{
    "5": {
        "class_id": 1,
        "depth": 31.53656005859375,
        "alpha": -1.5669748783111572
    },
    "4": {
        "class_id": 1,
        "depth": 23.847698211669922,
        "alpha": -1.560562252998352
    },
    "3": {
        "class_id": 1,
        "depth": 23.847698211669922,
        "alpha": -1.560562252998352
    },
    "2": {
        "class_id": 1,
        "depth": 15.941381454467773,
        "alpha": -1.434123158454895
    },
    "1": {
        "class_id": 1,
        "depth": 9.19964599609375,
        "alpha": -0.8539245128631592
    }
}