{
    "3": {
        "class_id": 1,
        "depth": 23.56884765625,
        "alpha": -1.5532238483428955
    },
    "4": {
        "class_id": 1,
        "depth": 23.56884765625,
        "alpha": -1.5532238483428955
    },
    "2": {
        "class_id": 1,
        "depth": 15.081770896911621,
        "alpha": -1.4239575862884521
    },
    "1": {
        "class_id": 1,
        "depth": 13.306747436523438,
        "alpha": -1.0296103954315186
    }
}