{
    "4": {
        "class_id": 1,
        "depth": 30.587343215942383,
        "alpha": -1.5440099239349365
    },
    "3": {
        "class_id": 1,
        "depth": 23.4226016998291,
        "alpha": -1.5522143840789795
    },
    "2": {
        "class_id": 1,
        "depth": 15.033029556274414,
        "alpha": -1.4424160718917847
    },
    "1": {
        "class_id": 1,
        "depth": 14.027253150939941,
        "alpha": -1.1445807218551636
    }
}