{
    "5": {
        "class_id": 1,
        "depth": 40.11325454711914,
        "alpha": 1.5828545093536377
    },
    "4": {
        "class_id": 1,
        "depth": 29.607229232788086,
        "alpha": -1.530601143836975
    },
    "3": {
        "class_id": 1,
        "depth": 23.959609985351562,
        "alpha": -1.5454384088516235
    },
    "2": {
        "class_id": 1,
        "depth": 15.855660438537598,
        "alpha": -1.4194581508636475
    },
    "1": {
        "class_id": 1,
        "depth": 11.466658592224121,
        "alpha": -0.8557040691375732
    }
}