{
    "5": {
        "class_id": 1,
        "depth": 29.159574508666992,
        "alpha": -1.5481443405151367
    },
    "3": {
        "class_id": 1,
        "depth": 24.735910415649414,
        "alpha": 1.7886402606964111
    },
    "4": {
        "class_id": 1,
        "depth": 23.247526168823242,
        "alpha": -1.5581916570663452
    },
    "1": {
        "class_id": 1,
        "depth": 15.933911323547363,
        "alpha": -1.4920539855957031
    },
    "2": {
        "class_id": 1,
        "depth": 15.207986831665039,
        "alpha": -1.4523653984069824
    }
}