{
    "4": {
        "class_id": 1,
        "depth": 30.89972686767578,
        "alpha": -1.5459191799163818
    },
    "3": {
        "class_id": 1,
        "depth": 23.744312286376953,
        "alpha": -1.5573151111602783
    },
    "2": {
        "class_id": 1,
        "depth": 15.436211585998535,
        "alpha": -1.4318835735321045
    },
    "1": {
        "class_id": 1,
        "depth": 12.49012565612793,
        "alpha": -0.9707815647125244
    }
}