{
    "4": {
        "class_id": 1,
        "depth": 30.257022857666016,
        "alpha": -1.5338894128799438
    },
    "3": {
        "class_id": 1,
        "depth": 23.773731231689453,
        "alpha": -1.5549297332763672
    },
    "2": {
        "class_id": 1,
        "depth": 15.778308868408203,
        "alpha": -1.4193079471588135
    },
    "1": {
        "class_id": 1,
        "depth": 11.97898006439209,
        "alpha": -0.9065306186676025
    }
}