{
    "5": {
        "class_id": 1,
        "depth": 31.875978469848633,
        "alpha": 1.7790968418121338
    },
    "4": {
        "class_id": 1,
        "depth": 31.138540267944336,
        "alpha": -1.5507333278656006
    },
    "3": {
        "class_id": 1,
        "depth": 23.046245574951172,
        "alpha": -1.5571985244750977
    },
    "2": {
        "class_id": 1,
        "depth": 15.331016540527344,
        "alpha": -1.4334317445755005
    },
    "1": {
        "class_id": 1,
        "depth": 14.963669776916504,
        "alpha": -1.3381643295288086
    }
}