{
    "5": {
        "class_id": 1,
        "depth": 43.318546295166016,
        "alpha": 1.5463111400604248
    },
    "4": {
        "class_id": 1,
        "depth": 31.124454498291016,
        "alpha": -1.5503818988800049
    },
    "1": {
        "class_id": 1,
        "depth": 27.013446807861328,
        "alpha": -0.909477710723877
    },
    "3": {
        "class_id": 1,
        "depth": 23.594892501831055,
        "alpha": -1.5523154735565186
    },
    "2": {
        "class_id": 1,
        "depth": 23.579378128051758,
        "alpha": -1.555168628692627
    }
}