{
    "5": {
        "class_id": 1,
        "depth": 26.715587615966797,
        "alpha": 1.7814619541168213
    },
    "4": {
        "class_id": 1,
        "depth": 23.12944793701172,
        "alpha": -1.550817608833313
    },
    "3": {
        "class_id": 1,
        "depth": 23.12944793701172,
        "alpha": -1.550817608833313
    },
    "1": {
        "class_id": 1,
        "depth": 15.536060333251953,
        "alpha": -1.4226632118225098
    },
    "2": {
        "class_id": 1,
        "depth": 15.306904792785645,
        "alpha": -1.4346723556518555
    }
}