{
    "4": {
        "class_id": 1,
        "depth": 30.714059829711914,
        "alpha": -1.5434691905975342
    },
    "3": {
        "class_id": 1,
        "depth": 23.5133113861084,
        "alpha": -1.5599571466445923
    },
    "2": {
        "class_id": 1,
        "depth": 15.185600280761719,
        "alpha": -1.421799659729004
    },
    "1": {
        "class_id": 1,
        "depth": 14.211457252502441,
        "alpha": -1.2365491390228271
    }
}