{
    "1": {
        "class_id": 1,
        "depth": 13.704302787780762,
        "alpha": -1.7724469900131226
    },
    "2": {
        "class_id": 1,
        "depth": 12.147056579589844,
        "alpha": -1.9033286571502686
    }
}