{
    "3": {
        "class_id": 1,
        "depth": 22.63888168334961,
        "alpha": -1.4409867525100708
    },
    "4": {
        "class_id": 1,
        "depth": 22.043964385986328,
        "alpha": -1.6987838745117188
    },
    "2": {
        "class_id": 1,
        "depth": 13.824100494384766,
        "alpha": -2.4444327354431152
    },
    "1": {
        "class_id": 1,
        "depth": 12.787788391113281,
        "alpha": -1.880240797996521
    }
}