{
    "1": {
        "class_id": 1,
        "depth": 19.34233856201172,
        "alpha": -2.4736013412475586
    },
    "2": {
        "class_id": 1,
        "depth": 17.776033401489258,
        "alpha": -1.730244755744934
    }
}