{
    "3": {
        "class_id": 1,
        "depth": 25.422494888305664,
        "alpha": -1.3588662147521973
    },
    "4": {
        "class_id": 1,
        "depth": 23.491191864013672,
        "alpha": -1.684916615486145
    },
    "2": {
        "class_id": 1,
        "depth": 15.578420639038086,
        "alpha": -1.8823225498199463
    },
    "1": {
        "class_id": 1,
        "depth": 5.999478816986084,
        "alpha": -1.8993844985961914
    }
}