{
    "1": {
        "class_id": 1,
        "depth": 17.805646896362305,
        "alpha": -2.293294906616211
    },
    "2": {
        "class_id": 1,
        "depth": 16.820016860961914,
        "alpha": -1.7884323596954346
    }
}