{
    "2": {
        "class_id": 1,
        "depth": 21.25022315979004,
        "alpha": -2.2202603816986084
    },
    "3": {
        "class_id": 1,
        "depth": 19.99175453186035,
        "alpha": -1.7271766662597656
    },
    "1": {
        "class_id": 1,
        "depth": 16.851255416870117,
        "alpha": -2.0260865688323975
    }
}