{
    "4": {
        "class_id": 1,
        "depth": 34.16782760620117,
        "alpha": -1.6429245471954346
    },
    "3": {
        "class_id": 1,
        "depth": 34.1425895690918,
        "alpha": -1.2383813858032227
    },
    "2": {
        "class_id": 1,
        "depth": 21.231897354125977,
        "alpha": -1.928306221961975
    },
    "1": {
        "class_id": 1,
        "depth": 12.00804615020752,
        "alpha": -1.877206563949585
    }
}