{
    "4": {
        "class_id": 1,
        "depth": 28.509567260742188,
        "alpha": -1.6027766466140747
    },
    "3": {
        "class_id": 1,
        "depth": 28.33110237121582,
        "alpha": -2.353419065475464
    },
    "5": {
        "class_id": 1,
        "depth": 25.85756492614746,
        "alpha": -2.9769234657287598
    },
    "2": {
        "class_id": 1,
        "depth": 20.721275329589844,
        "alpha": 2.769211530685425
    },
    "1": {
        "class_id": 1,
        "depth": 8.026785850524902,
        "alpha": -2.019296646118164
    }
}