{
    "3": {
        "class_id": 1,
        "depth": 26.04566764831543,
        "alpha": -1.5822911262512207
    },
    "4": {
        "class_id": 1,
        "depth": 25.49411392211914,
        "alpha": -1.6980676651000977
    },
    "2": {
        "class_id": 1,
        "depth": 16.56973648071289,
        "alpha": 2.7812793254852295
    },
    "1": {
        "class_id": 1,
        "depth": 6.258297443389893,
        "alpha": -1.9334137439727783
    }
}