{
    "3": {
        "class_id": 1,
        "depth": 77.47028350830078,
        "alpha": 2.9807732105255127
    },
    "2": {
        "class_id": 1,
        "depth": 43.65642166137695,
        "alpha": -1.5005614757537842
    },
    "1": {
        "class_id": 1,
        "depth": 35.46137237548828,
        "alpha": 1.449922800064087
    }
}