{
    "4": {
        "class_id": 1,
        "depth": 75.2665023803711,
        "alpha": 3.087414026260376
    },
    "2": {
        "class_id": 1,
        "depth": 70.04341888427734,
        "alpha": -0.7949948310852051
    },
    "3": {
        "class_id": 1,
        "depth": 48.17776107788086,
        "alpha": -1.5783401727676392
    },
    "1": {
        "class_id": 1,
        "depth": 43.64419174194336,
        "alpha": 1.7755844593048096
    }
}