{
    "4": {
        "class_id": 1,
        "depth": 71.87349700927734,
        "alpha": 3.1039693355560303
    },
    "3": {
        "class_id": 1,
        "depth": 66.93201446533203,
        "alpha": 3.0204412937164307
    },
    "2": {
        "class_id": 1,
        "depth": 40.93748092651367,
        "alpha": -1.581539511680603
    },
    "1": {
        "class_id": 1,
        "depth": 34.2253532409668,
        "alpha": 1.2916691303253174
    }
}