{
    "3": {
        "class_id": 1,
        "depth": 69.96968078613281,
        "alpha": 2.9669477939605713
    },
    "2": {
        "class_id": 1,
        "depth": 43.91468811035156,
        "alpha": -1.5869241952896118
    },
    "1": {
        "class_id": 1,
        "depth": 35.846954345703125,
        "alpha": 1.3701460361480713
    }
}