{
    "3": {
        "class_id": 1,
        "depth": 76.02145385742188,
        "alpha": 3.050205945968628
    },
    "2": {
        "class_id": 1,
        "depth": 46.066925048828125,
        "alpha": -1.5705890655517578
    },
    "1": {
        "class_id": 1,
        "depth": 37.52412796020508,
        "alpha": 1.5625340938568115
    }
}