{
    "2": {
        "class_id": 1,
        "depth": 74.15641021728516,
        "alpha": 3.002657175064087
    },
    "3": {
        "class_id": 1,
        "depth": 47.505348205566406,
        "alpha": -1.5771315097808838
    },
    "1": {
        "class_id": 1,
        "depth": 42.94269943237305,
        "alpha": 1.8509838581085205
    }
}