{
    "3": {
        "class_id": 1,
        "depth": 69.16419982910156,
        "alpha": 2.8696482181549072
    },
    "4": {
        "class_id": 1,
        "depth": 63.6981315612793,
        "alpha": -2.190142869949341
    },
    "2": {
        "class_id": 1,
        "depth": 38.962608337402344,
        "alpha": -1.5787476301193237
    },
    "1": {
        "class_id": 1,
        "depth": 29.306045532226562,
        "alpha": 1.0945885181427002
    }
}