{
    "2": {
        "class_id": 2,
        "depth": 71.9923324584961,
        "alpha": 2.7740461826324463
    },
    "4": {
        "class_id": 1,
        "depth": 65.27459716796875,
        "alpha": 3.070427179336548
    },
    "5": {
        "class_id": 1,
        "depth": 65.21720886230469,
        "alpha": 2.943368673324585
    },
    "3": {
        "class_id": 1,
        "depth": 37.439144134521484,
        "alpha": -1.5848925113677979
    },
    "1": {
        "class_id": 1,
        "depth": 21.288875579833984,
        "alpha": 1.0329616069793701
    }
}