{
    "5": {
        "class_id": 1,
        "depth": 78.35616302490234,
        "alpha": 3.067450761795044
    },
    "3": {
        "class_id": 2,
        "depth": 70.7795181274414,
        "alpha": 2.796459436416626
    },
    "4": {
        "class_id": 1,
        "depth": 70.55854797363281,
        "alpha": 2.869713068008423
    },
    "2": {
        "class_id": 1,
        "depth": 34.68977355957031,
        "alpha": -1.5926941633224487
    },
    "1": {
        "class_id": 1,
        "depth": 20.15170669555664,
        "alpha": 1.1318981647491455
    }
}