{
    "5": {
        "class_id": 1,
        "depth": 70.22433471679688,
        "alpha": 2.924833059310913
    },
    "3": {
        "class_id": 2,
        "depth": 67.72218322753906,
        "alpha": 2.763166666030884
    },
    "4": {
        "class_id": 1,
        "depth": 66.31428527832031,
        "alpha": 3.065941095352173
    },
    "2": {
        "class_id": 1,
        "depth": 32.630455017089844,
        "alpha": -1.5971020460128784
    },
    "1": {
        "class_id": 1,
        "depth": 16.18014144897461,
        "alpha": 1.2574083805084229
    }
}