{
    "3": {
        "class_id": 1,
        "depth": 58.45168685913086,
        "alpha": -1.6642837524414062
    },
    "1": {
        "class_id": 1,
        "depth": 13.648884773254395,
        "alpha": -2.2612743377685547
    },
    "2": {
        "class_id": 1,
        "depth": 11.069696426391602,
        "alpha": -1.9477949142456055
    }
}