{
    "3": {
        "class_id": 1,
        "depth": 56.72053527832031,
        "alpha": -1.6237820386886597
    },
    "2": {
        "class_id": 1,
        "depth": 13.67736530303955,
        "alpha": -2.1915481090545654
    },
    "1": {
        "class_id": 1,
        "depth": 10.666559219360352,
        "alpha": -1.9638113975524902
    }
}