{
    "3": {
        "class_id": 1,
        "depth": 57.31171417236328,
        "alpha": -1.624516248703003
    },
    "2": {
        "class_id": 1,
        "depth": 13.279119491577148,
        "alpha": -1.9796993732452393
    },
    "1": {
        "class_id": 1,
        "depth": 9.808515548706055,
        "alpha": -1.9755743741989136
    }
}