{
    "1": {
        "class_id": 1,
        "depth": 17.383960723876953,
        "alpha": -1.9925872087478638
    },
    "2": {
        "class_id": 1,
        "depth": 15.595185279846191,
        "alpha": -1.7886658906936646
    }
}