{
    "3": {
        "class_id": 1,
        "depth": 23.325231552124023,
        "alpha": -1.547662615776062
    },
    "4": {
        "class_id": 1,
        "depth": 22.59531593322754,
        "alpha": -1.6793383359909058
    },
    "2": {
        "class_id": 1,
        "depth": 15.132954597473145,
        "alpha": -2.647219657897949
    },
    "1": {
        "class_id": 1,
        "depth": 9.42239761352539,
        "alpha": -1.7703419923782349
    }
}