{
    "3": {
        "class_id": 1,
        "depth": 20.735708236694336,
        "alpha": 2.1676008701324463
    },
    "1": {
        "class_id": 1,
        "depth": 20.068130493164062,
        "alpha": -2.1970131397247314
    },
    "2": {
        "class_id": 1,
        "depth": 19.065649032592773,
        "alpha": -1.7626614570617676
    }
}