{
    "3": {
        "class_id": 1,
        "depth": 26.513986587524414,
        "alpha": -1.8969918489456177
    },
    "4": {
        "class_id": 1,
        "depth": 26.058225631713867,
        "alpha": -1.6816835403442383
    },
    "2": {
        "class_id": 1,
        "depth": 20.285741806030273,
        "alpha": 2.9315435886383057
    },
    "1": {
        "class_id": 1,
        "depth": 6.7459540367126465,
        "alpha": -1.9723634719848633
    }
}