{
    "4": {
        "class_id": 1,
        "depth": 32.6889762878418,
        "alpha": -1.595754861831665
    },
    "3": {
        "class_id": 1,
        "depth": 32.02110290527344,
        "alpha": -1.6880384683609009
    },
    "2": {
        "class_id": 1,
        "depth": 19.03337287902832,
        "alpha": -2.0401291847229004
    },
    "1": {
        "class_id": 1,
        "depth": 10.096589088439941,
        "alpha": -1.9422396421432495
    }
}