{
    "6": {
        "class_id": 1,
        "depth": 36.14167785644531,
        "alpha": -1.601894736289978
    },
    "5": {
        "class_id": 1,
        "depth": 32.05060577392578,
        "alpha": -1.645962119102478
    },
    "4": {
        "class_id": 1,
        "depth": 22.9388370513916,
        "alpha": -1.871662974357605
    },
    "1": {
        "class_id": 2,
        "depth": 13.964803695678711,
        "alpha": 2.7985336780548096
    },
    "3": {
        "class_id": 1,
        "depth": 13.435945510864258,
        "alpha": -1.8019243478775024
    },
    "2": {
        "class_id": 1,
        "depth": 12.48082160949707,
        "alpha": -2.8349013328552246
    }
}